{
  "aquifers_enabled": false,
  "default_block": {
    "Name": "minecraft:air"
  },
  "default_fluid": {
    "Name": "minecraft:air"
  },
  "disable_mob_generation": true,
  "legacy_random_source": false,
  "noise": {
    "height": 352,
    "min_y": 0,
    "size_horizontal": 2,
    "size_vertical": 1
  },
  "noise_router": {
    "barrier": 0.0,
    "continents": 0.0,
    "depth": 0.0,
    "erosion": 0.0,
    "final_density": 0.0,
    "fluid_level_floodedness": 0.0,
    "fluid_level_spread": 0.0,
    "initial_density_without_jaggedness": 0.0,
    "lava": 0.0,
    "ridges": 0.0,
    "temperature": 0.0,
    "vegetation": 0.0,
    "vein_gap": 0.0,
    "vein_ridged": 0.0,
    "vein_toggle": 0.0
  },
  "ore_veins_enabled": false,
  "sea_level": 0,
  "spawn_target": [],
  "surface_rule": {
    "type": "minecraft:block",
    "result_state": {
      "Name": "minecraft:air"
    }
  }
}
